{
  "accuracy": [
    0.1781884878873825,
    0.6308314800262451,
    0.9080605506896973,
    0.9659753441810608,
    0.9773796200752258,
    0.9830699563026428,
    0.9856800436973572,
    0.9878668189048767,
    0.9880079030990601,
    0.9903122782707214,
    0.9915820360183716,
    0.9914409518241882,
    0.9924049973487854,
    0.992146372795105,
    0.9931809902191162,
    0.9929458498954773,
    0.9940744638442993,
    0.9946858286857605,
    0.9948504567146301,
    0.9949679970741272,
    0.995320737361908,
    0.9957910180091858,
    0.9961907267570496,
    0.9960496425628662,
    0.9961907267570496,
    0.9961436986923218,
    0.9967315793037415,
    0.9962142705917358,
    0.9961907267570496,
    0.9963318109512329
  ],
  "loss": [
    3.210333824157715,
    1.7835431098937988,
    1.1016961336135864,
    0.9154558181762695,
    0.8584867119789124,
    0.8248182535171509,
    0.8020158410072327,
    0.7867879867553711,
    0.7798861861228943,
    0.7685575485229492,
    0.7602929472923279,
    0.7579286098480225,
    0.7502079606056213,
    0.7491051554679871,
    0.743808925151825,
    0.7419956922531128,
    0.7366357445716858,
    0.7335586547851562,
    0.7308313846588135,
    0.7293195724487305,
    0.728003740310669,
    0.7249274253845215,
    0.7236635088920593,
    0.7231423854827881,
    0.7222475409507751,
    0.7213820219039917,
    0.7193049788475037,
    0.7203028202056885,
    0.7203467488288879,
    0.7201718688011169
  ],
  "top3_acc": [
    0.3699209988117218,
    0.8382006883621216,
    0.972230076789856,
    0.9880784153938293,
    0.9913703799247742,
    0.9924755692481995,
    0.9937688112258911,
    0.9942155480384827,
    0.9942625761032104,
    0.995015025138855,
    0.995085597038269,
    0.9956029057502747,
    0.9960026144981384,
    0.9957204461097717,
    0.9962612986564636,
    0.9966139793395996,
    0.9968491196632385,
    0.9970137476921082,
    0.9972723722457886,
    0.9973664283752441,
    0.9970842599868774,
    0.9975075125694275,
    0.9977426528930664,
    0.9976956248283386,
    0.9976721405982971,
    0.9977896809577942,
    0.9980718493461609,
    0.9977896809577942,
    0.997907280921936,
    0.9977661967277527
  ],
  "val_accuracy": [
    0.4650112986564636,
    0.948833703994751,
    0.985421359539032,
    0.9927577376365662,
    0.9940744638442993,
    0.9958615303039551,
    0.997178316116333,
    0.9953912496566772,
    0.9975545406341553,
    0.9973664283752441,
    0.997836709022522,
    0.9982129335403442,
    0.9985891580581665,
    0.9984951019287109,
    0.9987772703170776,
    0.9985891580581665,
    0.9984010457992554,
    0.9986832141876221,
    0.9985891580581665,
    0.9988713264465332,
    0.9990594387054443,
    0.9990594387054443,
    0.9990594387054443,
    0.9989653825759888,
    0.9991534948348999,
    0.9990594387054443,
    0.9991534948348999,
    0.9990594387054443,
    0.9988713264465332,
    0.9989653825759888
  ],
  "val_loss": [
    2.1333532333374023,
    1.0136522054672241,
    0.8378206491470337,
    0.7953600287437439,
    0.7572200298309326,
    0.7488493919372559,
    0.7468801736831665,
    0.7238553762435913,
    0.7135747075080872,
    0.7217383980751038,
    0.7022252082824707,
    0.704226016998291,
    0.7027012705802917,
    0.6992506384849548,
    0.697062611579895,
    0.695415735244751,
    0.6964178085327148,
    0.6948937773704529,
    0.6933732032775879,
    0.6931610703468323,
    0.6924703121185303,
    0.6910983920097351,
    0.6909720301628113,
    0.6911923289299011,
    0.690518856048584,
    0.6904664635658264,
    0.6899350881576538,
    0.6897585391998291,
    0.6898714900016785,
    0.6898298859596252
  ],
  "val_top3_acc": [
    0.7336342930793762,
    0.9920052886009216,
    0.9966139793395996,
    0.9985891580581665,
    0.9992475509643555,
    0.9989653825759888,
    0.9992475509643555,
    0.9990594387054443,
    0.9992475509643555,
    0.9991534948348999,
    0.9996237754821777,
    0.9994356632232666,
    0.999341607093811,
    0.9996237754821777,
    0.9995297193527222,
    0.9994356632232666,
    0.9994356632232666,
    0.9995297193527222,
    0.9996237754821777,
    0.9995297193527222,
    0.9994356632232666,
    0.9996237754821777,
    0.9996237754821777,
    0.9995297193527222,
    0.9996237754821777,
    0.9996237754821777,
    0.9996237754821777,
    0.9996237754821777,
    0.9997178316116333,
    0.9997178316116333
  ],
  "_meta": {
    "epochs": 30,
    "batch_size": 64,
    "img_size": [
      64,
      64
    ],
    "label_smoothing": 0.1,
    "weight_decay": 0.0001,
    "mode": "Dengelenmis + Aug",
    "elapsed_sec": 6536.402965068817,
    "best_val_accuracy": 0.9991534948348999
  }
}